Postion, Setpoint, Error, Speed, Voltage, Current
0, 0, 110, 0, 0, 0.125
0, 0, 2578, 0, 0, 0.5
0.000694444, 0, 2578, 0, 0, 0.5
0.000694444, 0, 2578, 0, 0, 0.5
0.000694444, 0, 2578, 0, 0, 0.5
0.000694444, 0, 2578, 0, 0, 0.5
0.000694444, 0, 2578, 0, 0, 0.5
0.000694444, 0, 2578, 0, 0, 0.5
0.000694444, 0, 2578, 0, 0, 0.5
0.000694444, 0, 2578, 0, 0, 0.5
0.000694444, 0, 2578, 0.416667, 0, 0.125
0.000694444, 0, 2578, 0.416667, 0, 0.125
0.000694444, 0, 2578, 0.416667, 0, 0.125
0.000694444, 0, 2578, 0.416667, 0, 0.125
0.000694444, 0, 2578, 0.416667, 0, 0.125
0.000694444, 0, 2578, 0.416667, 0, 0.125
0.000694444, 0, 2578, 0.416667, 0, 0.125
0.000694444, 0, 2578, 0, 0, 0.125
0.000694444, 0, 2578, 0, 0, 0.125
0.000694444, 0, 2578, 0, 0, 0.125
0.000694444, 0, 2578, 0, 0, 0.125
0.000694444, 0, 2578, 0, 0, 0.125
0.000694444, 0, 2578, 0, 0, 0.125
0.000694444, 1, 2578, 0, 0, 0.125
0, 1, 0, 0, 0, 0.125
0, 1, 0, 0, 0, 0.125
0, 1, 0, 0, 0, 0.125
0, 1, 0, 0, 0, 0.125
0, 1, 0, 0, 0.0120723, 0.125
0, 1, 0, 0, 0.0241447, 0.125
0, 1, 0, 0, 0.0241447, 0.125
0, 1, 1, 0, 0.072434, 0.125
0, 1, 2, 0, 0.072434, 0.125
0, 1, 3, 0, 0.0965787, 0.125
0, 1, 3, 0, 0.145455, 0.125
0, 1, 5, 0, 0.145455, 0.125
0, 1, 6, 0, 0.181818, 0.125
0, 1, 6, 0, 0.181818, 0.125
0, 1, 8, 0, 0.218182, 0.125
0, 1, 8, 0, 0.218182, 0.125
0, 1, 8, 0, 0.218182, 0.125
0, 1, 8, 0, 0.218182, 0.125
0, 1, 8, 0, 0.218182, 0.125
0, 1, 10, 0, 0.266667, 0.125
0, 1, 12, 0, 0.315152, 0.125
0, 1, 12, 0, 0.315152, 0.25
0, 1, 12, 0, 0.315152, 0.25
0, 1, 12, 0, 0.315152, 0.25
0, 1, 14, 0, 0.339394, 0.25
0, 1, 14, 0, 0.4, 0.25
0, 1, 17, 0, 0.4, 0.25
0, 1, 17, 0, 0.4, 0.25
0, 1, 17, 0, 0.4, 0.25
0, 1, 24, 0, 0.533333, 0.25
0, 1, 24, 0, 0.533333, 0.25
0, 1, 27, 0, 0.593939, 0.25
0, 1, 27, 0, 0.593939, 0.25
0, 1, 27, 0, 0.593939, 0.25
0, 1, 31, 0, 0.651906, 0.25
0, 1, 31, 0, 0.651906, 0.25
0, 1, 31, 0, 0.736413, 0.25
0, 1, 36, 0, 0.736413, 0.25
0, 1, 36, 0, 0.736413, 0.25
0, 1, 41, 0, 0.796774, 0.25
0, 1, 41, 0, 0.796774, 0.25
0.000694444, 1, 41, 0, 0.796774, 0.25
0.000694444, 1, 41, 0, 0.869208, 0.25
0.000694444, 1, 45, 0, 0.953715, 0.25
0.000694444, 1, 50, 0, 0.953715, 0.25
0.000694444, 1, 50, 0, 0.953715, 0.25
0.000694444, 1, 50, 0, 0.953715, 0.25
0.000694444, 1, 50, 0, 1.05029, 0.375
0.000694444, 1, 56, 0, 1.05029, 0.375
0.000694444, 1, 63, 0, 1.14687, 0.375
0.000694444, 1, 63, 0, 1.14687, 0.375
0.000694444, 1, 63, 0, 1.14687, 0.375
0.000694444, 1, 69, 0, 1.21931, 0.375
0.000694444, 1, 69, 0, 1.21931, 0.375
0.000694444, 1, 69, 0, 1.42454, 0.375
0.000694444, 1, 83, 0, 1.42454, 0.375
0.000694444, 1, 83, 0, 1.42454, 0.375
0.000694444, 1, 83, 0.416667, 1.42454, 0.5
0.00138889, 1, 89, 0.416667, 1.49697, 0.5
0.00138889, 1, 89, 0.416667, 1.49697, 0.5
0.00138889, 1, 89, 0.416667, 1.49697, 0.5
0.00138889, 1, 96, 0.416667, 1.60562, 0.5
0.00347222, 1, 96, 0.833333, 1.60562, 0.75
0.00347222, 1, 104, 0.833333, 1.69531, 0.75
0.00347222, 1, 104, 0.833333, 1.69531, 0.75
0.00347222, 1, 104, 0.833333, 1.69531, 0.75
0.00347222, 1, 104, 0.833333, 1.69531, 0.75
0.00347222, 1, 111, 0.833333, 1.7915, 0.75
0.00486111, 1, 119, 1.25, 1.89971, 0.75
0.00486111, 1, 119, 1.25, 1.89971, 0.75
0.00486111, 1, 119, 1.25, 1.89971, 0.75
0.00486111, 1, 119, 1.25, 1.89971, 0.75
0.00486111, 1, 119, 1.25, 1.98387, 0.75
0.00625, 1, 127, 2.08333, 1.98387, 1
0.00625, 1, 136, 2.08333, 2.12815, 1
0.00625, 1, 136, 2.08333, 2.12815, 1
0.00625, 1, 136, 2.08333, 2.12815, 1
0.00625, 1, 136, 2.08333, 2.12815, 1
0.00902778, 1, 143, 2.91667, 2.18827, 1.125
0.00902778, 1, 151, 2.91667, 2.29648, 1.125
0.0138889, 1, 170, 4.16667, 2.54897, 1.5
0.0138889, 1, 176, 4.16667, 2.63314, 1.625
0.0208333, 1, 182, 6.25, 2.69326, 1.625
0.0208333, 1, 188, 6.25, 2.7654, 1.875
0.0305556, 1, 193, 8.75, 2.80254, 1.875
0.0305556, 1, 193, 8.75, 2.80254, 1.875
0.0305556, 1, 197, 8.75, 2.86217, 1.875
0.0423611, 1, 200, 12.9167, 2.90987, 2.125
0.0423611, 1, 202, 12.9167, 2.94565, 2.25
0.0576389, 1, 204, 18.3333, 2.98143, 2.25
0.0576389, 1, 204, 18.3333, 3.00528, 2.25
0.075, 1, 204, 25, 3.00528, 2.125
0.075, 1, 217, 25, 3.13646, 2.125
0.075, 1, 217, 25, 3.13646, 2.125
0.0930556, 1, 218, 31.6667, 3.16031, 2
0.0930556, 1, 217, 31.6667, 3.16031, 2
0.0930556, 1, 216, 31.6667, 3.12454, 2
0.113194, 1, 216, 38.75, 3.12454, 2
0.113194, 1, 216, 38.75, 3.17224, 2
0.113194, 1, 213, 38.75, 3.10068, 2
0.135417, 1, 210, 45, 3.08876, 2
0.135417, 1, 208, 45, 3.11261, 2
0.158333, 1, 208, 50.4167, 3.11261, 2
0.158333, 1, 204, 50.4167, 3.07683, 2
0.158333, 1, 204, 50.4167, 3.07683, 2
0.158333, 1, 204, 50.4167, 3.07683, 2
0.158333, 1, 199, 55.4167, 2.99335, 1.875
0.181944, 1, 199, 55.4167, 2.99335, 1.875
0.181944, 1, 199, 55.4167, 3.08876, 1.875
0.181944, 1, 210, 55.4167, 3.08876, 1.875
0.206944, 1, 206, 59.5833, 3.08876, 1.75
0.206944, 1, 206, 59.5833, 3.04106, 1.75
0.206944, 1, 201, 59.5833, 3.04106, 1.75
0.206944, 1, 197, 63.3333, 2.9695, 1.625
0.231944, 1, 197, 63.3333, 2.9695, 1.625
0.231944, 1, 192, 63.3333, 2.9695, 1.625
0.231944, 1, 192, 66.25, 2.9695, 1.25
0.256944, 1, 187, 66.25, 2.9218, 1.25
0.256944, 1, 183, 66.25, 2.88602, 1.25
0.256944, 1, 183, 66.25, 2.88602, 1.25
0.282639, 1, 178, 68.75, 2.83832, 1.25
0.282639, 1, 178, 68.75, 2.79062, 1.25
0.282639, 1, 173, 68.75, 2.79062, 1.25
0.307639, 1, 169, 70, 2.75484, 1.25
0.307639, 1, 169, 70, 2.75484, 1.25
0.307639, 1, 178, 70, 2.80254, 1.25
0.331944, 1, 178, 70.8333, 2.81447, 1.125
0.331944, 1, 175, 70.8333, 2.81447, 1.125
0.331944, 1, 170, 70.8333, 2.73099, 1.125
0.331944, 1, 170, 70.8333, 2.73099, 1.125
0.356944, 1, 170, 71.25, 2.73099, 1.125
0.356944, 1, 166, 71.25, 2.73099, 1.125
0.356944, 1, 162, 71.25, 2.65943, 1.125
0.38125, 1, 162, 71.25, 2.65943, 1
0.38125, 1, 158, 71.25, 2.62366, 1
0.38125, 1, 158, 71.25, 2.62366, 1
0.38125, 1, 154, 71.25, 2.58788, 1
0.404861, 1, 151, 70.8333, 2.58651, 1
0.427778, 1, 148, 70, 2.58651, 1
0.427778, 1, 148, 70, 2.55059, 1
0.427778, 1, 145, 70, 2.55059, 1
0.427778, 1, 145, 70, 2.62243, 1
0.450694, 1, 154, 69.1667, 2.59848, 1
0.472917, 1, 152, 67.9167, 2.58651, 1
0.472917, 1, 147, 66.6667, 2.53861, 1
0.494444, 1, 146, 66.6667, 2.52664, 1
0.515972, 1, 144, 65, 2.55059, 1
0.515972, 1, 144, 65, 2.55059, 1
0.515972, 1, 142, 65, 2.49071, 1
0.536806, 1, 141, 63.75, 2.47874, 1
0.536806, 1, 140, 63.75, 2.51466, 1
0.536806, 1, 140, 63.75, 2.51466, 1
0.557639, 1, 140, 62.5, 2.51466, 1
0.557639, 1, 140, 62.5, 2.58651, 1
0.557639, 1, 153, 62.5, 2.58651, 1
0.557639, 1, 153, 62.5, 2.58651, 1
0.557639, 1, 153, 62.5, 2.58651, 1
0.578472, 1, 151, 61.25, 2.59848, 1
0.578472, 1, 149, 61.25, 2.58651, 1
0.578472, 1, 149, 61.25, 2.58651, 1
0.598611, 1, 149, 60.4167, 2.58651, 1
0.598611, 1, 149, 60.4167, 2.55059, 1
0.598611, 1, 148, 60.4167, 2.53861, 1
0.61875, 1, 146, 59.5833, 2.56256, 1.125
0.61875, 1, 146, 59.5833, 2.56256, 1.125
0.638889, 1, 146, 58.75, 2.56256, 1.125
0.638889, 1, 145, 58.75, 2.55059, 1.125
0.638889, 1, 145, 58.75, 2.50269, 1.125
0.659028, 1, 143, 58.3333, 2.50269, 1.125
0.659028, 1, 157, 58.3333, 2.65836, 1.125
0.679167, 1, 156, 57.9167, 2.65836, 1.125
0.679167, 1, 156, 57.9167, 2.65836, 1.125
0.7, 1, 154, 57.9167, 2.59848, 1.125
0.7, 1, 152, 57.9167, 2.58651, 1.125
0.7, 1, 152, 57.9167, 2.58651, 1.125
0.7, 1, 152, 57.9167, 2.58651, 1.125
0.7, 1, 152, 57.9167, 2.58651, 1.125
0.7, 1, 152, 57.9167, 2.62243, 1.125
0.720833, 1, 152, 57.5, 2.62243, 1.125
0.741667, 1, 148, 57.9167, 2.55059, 1.125
0.741667, 1, 147, 57.9167, 2.53861, 1.125
0.741667, 1, 147, 58.3333, 2.56256, 1.125
0.7625, 1, 159, 58.3333, 2.64638, 1.125
0.782639, 1, 158, 58.75, 2.67033, 1.125
0.782639, 1, 156, 58.75, 2.62243, 1.125
0.803472, 1, 156, 58.75, 2.65836, 1.125
0.803472, 1, 154, 58.75, 2.63441, 1.125
0.824306, 1, 154, 59.1667, 2.58651, 1.125
0.824306, 1, 152, 59.1667, 2.57454, 1.125
0.845139, 1, 151, 59.1667, 2.57454, 1.125
0.845139, 1, 149, 59.1667, 2.55059, 1.125
0.866667, 1, 148, 59.1667, 2.58651, 1.125
0.866667, 1, 147, 59.1667, 2.57454, 1.125
0.866667, 1, 147, 59.1667, 2.68231, 1.125
0.8875, 1, 159, 59.1667, 2.68231, 1.125
0.8875, 1, 159, 59.1667, 2.68231, 1.125
0.8875, 1, 159, 59.1667, 2.68231, 1.125
0.8875, 1, 158, 59.1667, 2.67033, 1.125
0.8875, 1, 158, 59.1667, 2.67033, 1.125
0.8875, 1, 158, 59.1667, 2.65836, 1.125
0.909028, 1, 156, 59.5833, 2.65836, 1.125
0.909028, 1, 156, 59.5833, 2.65836, 1.125
0.909028, 1, 156, 59.5833, 2.65836, 1.125
0.909028, 1, 154, 59.5833, 2.63441, 1.125
0.909028, 1, 154, 59.5833, 2.63441, 1.125
0.909028, 1, 154, 59.5833, 2.63441, 1.125
0.929861, 1, 153, 60, 2.62243, 1.125
0.929861, 1, 153, 60, 2.62243, 1.125
0.929861, 1, 151, 60, 2.61046, 1.125
0.929861, 1, 151, 60, 2.61046, 1.125
0.929861, 1, 151, 60, 2.58651, 1.125
0.951389, 1, 149, 60, 2.58651, 1.125
0.951389, 1, 146, 60, 2.52664, 1.125
0.951389, 1, 146, 60.4167, 2.56256, 1.125
0.972222, 1, 146, 60.4167, 2.56256, 1.125
0.972222, 1, 146, 60.4167, 2.56256, 1.125
0.972222, 1, 146, 60.4167, 2.56256, 1.125
0.972222, 1, 143, 60.4167, 2.50269, 1.125
0.99375, 1, 156, 60.4167, 2.62243, 1.125
0.99375, 1, 156, 60.4167, 2.62243, 1.125
0.99375, 1, 156, 60.4167, 2.62243, 1.125
0.99375, 1, 154, 60.4167, 2.59848, 1.125
1.01458, 1, 153, 60.4167, 2.62243, 1.125
1.01458, 1, 153, 60.4167, 2.62243, 1.125
1.01458, 1, 152, 60.4167, 2.62243, 1.125
1.03542, 1, 152, 60.4167, 2.56256, 1.125
1.03542, 1, 150, 60.4167, 2.56256, 1.125
1.03542, 1, 148, 60.4167, 2.55059, 1.125
1.05694, 1, 148, 60.4167, 2.55059, 1.125
1.05694, 1, 147, 60.4167, 2.53861, 1.125
1.05694, 1, 147, 60.4167, 2.51466, 1.125
1.07847, 1, 145, 60, 2.51466, 1
1.07847, 1, 145, 60, 2.53861, 1
1.07847, 1, 143, 60, 2.53861, 1
1.09931, 1, 142, 60, 2.49071, 1.125
1.09931, 1, 142, 60, 2.64638, 1.125
1.09931, 1, 155, 60, 2.64638, 1.125
1.09931, 1, 154, 60, 2.63441, 1.125
1.12014, 1, 154, 60, 2.62243, 1.125
1.12014, 1, 152, 60, 2.62243, 1.125
1.14167, 1, 150, 60, 2.59848, 1.125
1.14167, 1, 150, 60, 2.55059, 1.125
1.14167, 1, 148, 60, 2.55059, 1.125
1.14167, 1, 148, 60, 2.55059, 1.125
1.14167, 1, 148, 60, 2.55059, 1
1.16319, 1, 146, 60.4167, 2.55059, 1
1.16319, 1, 144, 60.4167, 2.53861, 1
1.18472, 1, 140, 60.4167, 2.51466, 1
1.20694, 1, 137, 60.8333, 2.44282, 1
1.20694, 1, 137, 60.8333, 2.44282, 1
1.20694, 1, 150, 60.8333, 2.56256, 1
1.20694, 1, 150, 60.8333, 2.56256, 1
1.22847, 1, 148, 60.8333, 2.58651, 1
1.25, 1, 146, 61.25, 2.51466, 1
1.25, 1, 142, 61.25, 2.52664, 1
1.27153, 1, 140, 61.6667, 2.47874, 1
1.27153, 1, 140, 61.6667, 2.47874, 1
1.27153, 1, 138, 61.6667, 2.45479, 1
1.29306, 1, 136, 61.6667, 2.47874, 1
1.29306, 1, 133, 61.6667, 2.44282, 1
1.31528, 1, 133, 61.6667, 2.44282, 1
1.31528, 1, 131, 61.6667, 2.39492, 1
1.31528, 1, 131, 61.6667, 2.39492, 1
1.33681, 1, 143, 62.0833, 2.50269, 1
1.33681, 1, 140, 62.0833, 2.51466, 0.875
1.35833, 1, 138, 62.0833, 2.49071, 0.875
1.35833, 1, 137, 62.0833, 2.47874, 0.875
1.37986, 1, 137, 62.0833, 2.47874, 0.875
1.37986, 1, 137, 62.0833, 2.46676, 0.875
1.37986, 1, 135, 62.0833, 2.46676, 0.875
1.40069, 1, 133, 61.6667, 2.44282, 0.875
1.40069, 1, 133, 61.6667, 2.43084, 0.875
1.40069, 1, 131, 61.6667, 2.43084, 0.875
1.42292, 1, 129, 61.25, 2.39492, 0.875
1.42292, 1, 127, 61.25, 2.34702, 0.875
1.42292, 1, 127, 61.25, 2.34702, 0.875
1.44306, 1, 141, 61.25, 2.49071, 0.875
1.44306, 1, 139, 61.25, 2.46676, 0.875
1.46389, 1, 137, 60.8333, 2.39492, 0.875
1.46389, 1, 137, 60.8333, 2.39492, 0.875
1.46389, 1, 135, 60.8333, 2.37097, 0.875
1.48403, 1, 134, 60.4167, 2.38294, 0.875
1.48403, 1, 134, 60.4167, 2.38294, 0.875
1.48403, 1, 133, 60.4167, 2.35899, 0.875
1.50417, 1, 133, 59.5833, 2.35899, 0.875
1.50417, 1, 131, 59.5833, 2.33504, 0.875
1.50417, 1, 129, 58.75, 2.25122, 0.875
1.52361, 1, 128, 58.75, 2.2632, 0.875
1.52361, 1, 128, 58.75, 2.2632, 0.875
1.52361, 1, 128, 58.75, 2.2632, 0.875
1.52361, 1, 126, 58.75, 2.17937, 0.875
1.52361, 1, 126, 58.75, 2.17937, 0.875
1.54236, 1, 136, 57.9167, 2.27517, 0.875
1.54236, 1, 134, 56.6667, 2.2153, 0.875
1.56111, 1, 134, 56.6667, 2.14345, 0.875
1.56111, 1, 130, 55.8333, 2.13148, 0.875
1.57917, 1, 128, 55.8333, 2.08358, 0.875
1.59583, 1, 125, 54.5833, 1.98778, 0.75
1.59583, 1, 125, 54.5833, 1.98778, 0.75
1.59583, 1, 124, 54.5833, 1.98778, 0.75
1.59583, 1, 124, 54.5833, 1.98778, 0.75
1.61181, 1, 121, 52.9167, 1.91593, 0.75
1.61181, 1, 120, 52.9167, 1.82014, 0.75
1.62639, 1, 118, 50.8333, 1.82014, 0.75
1.62639, 1, 125, 50.8333, 1.82014, 0.75
1.62639, 1, 125, 50.8333, 1.82014, 0.75
1.62639, 1, 125, 48.3333, 1.76026, 0.5
1.64028, 1, 121, 48.3333, 1.72434, 0.5
1.65278, 1, 119, 45.8333, 1.70039, 0.5
1.65278, 1, 117, 45.8333, 1.65249, 0.5
1.65278, 1, 117, 45.8333, 1.65249, 0.5
1.66389, 1, 115, 42.9167, 1.58065, 0.5
1.66389, 1, 113, 42.9167, 1.52077, 0.5
1.66389, 1, 112, 40, 1.51496, 0.5
1.67431, 1, 112, 40, 1.51496, 0.5
1.67431, 1, 112, 40, 1.51496, 0.5
1.67431, 1, 111, 40, 1.44282, 0.5
1.68333, 1, 111, 36.6667, 1.43079, 0.5
1.68333, 1, 110, 36.6667, 1.39472, 0.5
1.69097, 1, 113, 33.75, 1.39472, 0.5
1.69097, 1, 113, 33.75, 1.35865, 0.5
1.69097, 1, 111, 33.75, 1.31056, 0.5
1.69722, 1, 111, 30.4167, 1.31056, 0.5
1.69722, 1, 111, 30.4167, 1.28651, 0.5
1.69722, 1, 110, 30.4167, 1.23842, 0.5
1.70208, 1, 110, 26.6667, 1.23842, 0.5
1.70208, 1, 110, 26.6667, 1.21437, 0.5
1.70208, 1, 110, 26.6667, 1.1783, 0.5
1.70625, 1, 109, 22.9167, 1.1783, 0.5
1.70625, 1, 109, 22.9167, 1.1783, 0.5
1.70625, 1, 108, 22.9167, 1.15425, 0.5
1.70625, 1, 108, 22.9167, 1.15425, 0.5
1.70625, 1, 108, 22.9167, 1.11818, 0.5
1.70903, 1, 108, 19.5833, 1.11818, 0.5
1.70903, 1, 108, 19.5833, 1.08211, 0.5
1.70903, 1, 108, 19.5833, 1.07009, 0.375
1.71111, 1, 109, 15.8333, 1.07009, 0.375
1.71111, 1, 109, 15.8333, 1.07009, 0.375
1.71111, 1, 109, 15.8333, 1.07009, 0.375
1.71111, 1, 111, 15.8333, 1.07009, 0.5
1.71111, 1, 111, 12.5, 1.05806, 0.5
1.71111, 1, 111, 12.5, 1.05806, 0.5
1.71111, 1, 111, 12.5, 1.05806, 0.5
1.71111, 1, 112, 9.16667, 1.05806, 0.5
1.71111, 1, 112, 9.16667, 1.05806, 0.5
1.71111, 1, 113, 9.16667, 1.04604, 0.5
1.71111, 1, 113, 9.16667, 1.04604, 0.5
1.71111, 1, 113, 9.16667, 1.04604, 0.5
1.71111, 1, 113, 6.25, 1.03402, 0.5
1.71111, 1, 113, 6.25, 1.02199, 0.5
1.71111, 1, 114, 6.25, 1.02199, 0.5
1.71111, 1, 114, 3.33333, 1.02199, 0.5
1.71111, 1, 114, 3.33333, 1.02199, 0.5
1.71111, 1, 114, 3.33333, 1.02199, 0.5
1.71111, 1, 114, 1.66667, 1.02199, 0.5
1.71111, 1, 114, 1.66667, 1.02199, 0.5
1.71111, 1, 114, 1.66667, 1.02199, 0.5
Position, Setpoint, Error, Speed, Voltage, Current
0,0,114,0,0,0.125
0,0,114,0,0,0.125
0,0,114,0,0,0.125
0,0,114,0,0,0.125
0,0,114,0,0,0.125
0,0,114,0,0,0.125
0,0,114,0,0,0.125
0,0,114,0,0,0.125
0,0,114,0,0,0.125
0,0,114,0,0,0.125
0,0,114,0,0,0.125
0,0,114,0,0,0.125
0,0,114,0,0,0.125
0,0,114,0,0,0.125
0,0,114,0,0,0.125
0,0,114,0,0,0.125
0,0,114,0,0,0.125
0,0,114,0,0,0.125
0,0,114,0,0,0.125
0,0,114,0,0,0.125
0,0,114,0,0,0.125
0,0,114,0,0,0.125
0,0,114,0,0,0.125
0,0,114,0,0,0.125
0,1,114,0,0,0.125
0,1,114,0,0,0.125
0,1,114,0,0,0.125
0,1,114,0,0,0.125
0,1,0,0,0,0.125
0,1,0,0,0,0.125
0,1,0,0,0,0.125
0,1,0,0,0,0.125
0,1,0,0,0,0.125
0,1,0,0,0.0121212,0.125
0,1,0,0,0.0121212,0.125
0,1,0,0,0.0242424,0.125
0,1,1,0,0.0363636,0.125
0,1,1,0,0.0363636,0.125
0,1,1,0,0.0363636,0.125
0,1,1,0,0.0363636,0.125
0,1,1,0,0.0363636,0.125
0,1,1,0,0.0363636,0.125
0,1,1,0,0.0363636,0.125
0,1,1,0,0.0363636,0.125
0,1,1,0,0.0363636,0.125
0,1,1,0,0.0727273,0.125
0,1,2,0,0.0727273,0.125
0,1,3,0,0.0969697,0.125
0,1,3,0,0.145455,0.125
0,1,5,0,0.145455,0.125
0,1,6,0,0.181818,0.125
0,1,6,0,0.181818,0.125
0,1,8,0,0.218182,0.125
0,1,8,0,0.218182,0.125
0,1,8,0,0.218182,0.125
0,1,8,0,0.266667,0.125
0,1,10,0,0.266667,0.125
0,1,10,0,0.266667,0.125
0,1,10,0,0.266667,0.25
0,1,14,0,0.339394,0.25
0,1,14,0,0.339394,0.25
0,1,14,0,0.339394,0.25
0,1,14,0,0.4,0.25
0,1,17,0,0.4,0.25
0,1,17,0,0.4,0.25
0,1,17,0,0.4,0.25
0,1,20,0,0.472727,0.25
0,1,24,0,0.533333,0.375
0,1,24,0,0.533333,0.375
0,1,27,0,0.593939,0.375
0,1,27,0,0.739394,0.375
0,1,41,0,0.8,0.375
0,1,41,0,0.8,0.375
0,1,46,0,0.884848,0.375
0,1,51,0,0.969697,0.375
0,1,57,0,1.05455,0.5
0,1,57,0,1.16364,0.5
0,1,64,0,1.16364,0.5
0,1,64,0,1.16364,0.5
0.000694444,1,64,0,1.16364,0.5
0.000694444,1,69,0,1.22424,0.5
0.000694444,1,69,0,1.33333,0.5
0.000694444,1,76,0,1.33333,0.75
0.000694444,1,84,0,1.44242,0.75
0.000694444,1,91,0,1.52727,0.75
0.000694444,1,91,0,1.52727,0.75
0.000694444,1,91,0,1.52727,0.875
0.000694444,1,108,0,1.74545,0.875
0.000694444,1,108,0,1.85455,0.875
0.000694444,1,116,0.416667,1.85455,1
0.000694444,1,125,0.416667,1.96364,1
0.000694444,1,125,0.416667,1.96364,1
0.000694444,1,125,0.416667,2.06804,1
0.000694444,1,134,0.416667,2.06804,1
0.00138889,1,134,0.416667,2.18827,1.125
0.00138889,1,143,0.416667,2.18827,1.125
0.00486111,1,151,0.833333,2.28446,1.25
0.00486111,1,159,0.833333,2.39267,1.25
0.00486111,1,159,0.833333,2.39267,1.25
0.00486111,1,159,0.833333,2.39267,1.25
0.00486111,1,159,0.833333,2.39267,1.25
0.00972222,1,165,1.66667,2.46481,1.5
0.00972222,1,172,1.66667,2.54897,1.5
0.0166667,1,178,4.16667,2.64516,1.75
0.0166667,1,195,4.16667,2.82551,1.75
0.0166667,1,195,4.16667,2.89765,1.875
0.0263889,1,200,7.5,2.94575,1.875
0.0263889,1,206,12.5,2.98182,2
0.0388889,1,206,12.5,2.9697,2
0.0388889,1,209,12.5,3.0176,2
0.0541667,1,211,18.75,3.0176,2.125
0.0541667,1,212,18.75,3.08944,2.125
0.0715278,1,212,25.4167,3.10142,2.125
0.0715278,1,211,25.4167,3.10142,2.125
0.0902778,1,211,32.5,3.10142,2.125
0.0902778,1,211,32.5,3.11339,2.125
0.0902778,1,211,32.5,3.11339,2.125
0.0902778,1,211,32.5,3.11339,2.125
0.0902778,1,223,32.5,3.19721,2.125
0.110417,1,223,39.1667,3.24511,2.125
0.110417,1,221,39.1667,3.22116,2
0.131944,1,221,45.4167,3.22116,2
0.131944,1,218,45.4167,3.17326,2
0.131944,1,218,45.4167,3.16129,2
0.154167,1,216,50.8333,3.12537,2
0.154167,1,213,50.8333,3.12537,2
0.177778,1,210,55.4167,3.13734,1.875
0.177778,1,210,55.4167,3.13734,1.875
0.177778,1,207,55.4167,3.11339,1.875
0.201389,1,202,59.1667,3.02957,1.75
0.201389,1,198,59.1667,2.99365,1.75
0.226389,1,208,62.5,3.08944,1.75
0.226389,1,203,62.5,3.04154,1.75
0.226389,1,203,62.5,3.04154,1.75
0.250694,1,199,65,3.00562,1.625
0.250694,1,199,65,3.00562,1.625
0.250694,1,195,65,2.93377,1.5
0.275694,1,186,67.0833,2.88587,1.5
0.275694,1,183,68.75,2.86193,1.5
0.3,1,183,68.75,2.86193,1.5
0.3,1,178,68.75,2.81403,1.5
0.3,1,178,68.75,2.81403,1.5
0.3,1,178,68.75,2.81403,1.5
0.3,1,178,69.5833,2.81403,1.25
0.324306,1,178,69.5833,2.81403,1.25
0.324306,1,174,69.5833,2.7781,1.25
0.324306,1,174,69.5833,2.7781,1.25
0.348611,1,181,70,2.83798,1.25
0.348611,1,181,70,2.83798,1.25
0.348611,1,178,70,2.84995,1.25
0.372222,1,178,69.5833,2.7781,1.25
0.372222,1,171,69.5833,2.75415,1.25
0.395139,1,169,69.1667,2.73021,1.25
0.395139,1,166,69.1667,2.70626,1.125
0.418056,1,163,68.3333,2.71823,1.125
0.418056,1,163,68.3333,2.71823,1.125
0.418056,1,161,67.5,2.69428,1.125
0.440278,1,158,67.5,2.67033,1.125
0.440278,1,155,66.25,2.61046,1.25
0.4625,1,155,66.25,2.71823,1.25
0.4625,1,167,66.25,2.71823,1.25
0.484722,1,165,65.4167,2.73021,1.125
0.484722,1,163,65.4167,2.68231,1.125
0.484722,1,163,65.4167,2.68231,1.125
0.50625,1,161,64.5833,2.69428,1.125
0.50625,1,158,64.5833,2.67033,1.125
0.50625,1,158,64.5833,2.62243,1.125
0.528472,1,156,63.75,2.62243,1.125
0.528472,1,153,63.75,2.58651,1.125
0.528472,1,153,63.3333,2.61046,1.125
0.550694,1,151,63.3333,2.62111,1.125
0.550694,1,149,63.3333,2.561,1.125
0.572917,1,149,62.9167,2.58504,1.125
0.572917,1,147,62.9167,2.58504,1.125
0.572917,1,158,62.9167,2.68123,1.125
0.594444,1,156,62.9167,2.63314,1.125
0.594444,1,156,62.9167,2.63314,1.125
0.594444,1,154,62.9167,2.60909,1.125
0.616667,1,152,62.9167,2.59707,1.125
0.616667,1,152,62.9167,2.62111,1.125
0.616667,1,151,62.5,2.62111,1.125
0.638194,1,149,62.5,2.59707,1.125
0.638194,1,146,62.5,2.53695,1.125
0.659722,1,146,62.5,2.561,1.125
0.659722,1,145,62.5,2.561,1.125
0.659722,1,142,62.5,2.50088,1
0.68125,1,142,62.0833,2.49071,1
0.68125,1,140,62.0833,2.51466,1
0.704167,1,151,62.0833,2.57454,1.125
0.704167,1,149,62.0833,2.55059,1.125
0.725,1,148,62.0833,2.55059,1
0.725,1,147,62.0833,2.57454,1
0.725,1,147,62.0833,2.57454,1
0.725,1,147,62.0833,2.57454,1
0.725,1,147,62.0833,2.57454,1
0.745833,1,145,61.6667,2.55059,1.125
0.745833,1,144,61.6667,2.55059,1.125
0.745833,1,141,61.6667,2.47874,1.125
0.767361,1,139,61.6667,2.46676,1.125
0.767361,1,139,61.6667,2.46676,1.125
0.788889,1,138,61.6667,2.45479,1.125
0.788889,1,136,61.6667,2.44282,1.125
0.788889,1,136,61.6667,2.45279,1.125
0.809722,1,149,61.25,2.561,1.125
0.809722,1,149,61.25,2.561,1.125
0.809722,1,148,61.25,2.59707,1.125
0.830556,1,148,60.8333,2.57302,1.125
0.830556,1,146,60.8333,2.57302,1.125
0.830556,1,146,60.8333,2.57302,1.125
0.830556,1,146,60.8333,2.57302,1.125
0.830556,1,145,60.8333,2.52493,1.125
0.830556,1,145,60.8333,2.52493,1.125
0.830556,1,145,60.4167,2.52493,1.125
0.851389,1,144,60.4167,2.561,1.125
0.872222,1,142,60,2.50088,1.125
0.872222,1,142,60,2.48886,1.125
0.872222,1,141,60,2.48886,1.125
0.872222,1,141,60,2.48886,1.125
0.872222,1,141,60,2.48886,1.125
0.872222,1,141,60,2.48886,1.125
0.872222,1,141,60,2.52493,1.125
0.893056,1,140,59.5833,2.52493,1.125
0.893056,1,138,59.5833,2.50088,1.125
0.893056,1,138,59.5833,2.48886,1.125
0.913889,1,149,59.5833,2.55059,1.125
0.913889,1,149,59.5833,2.55059,1.125
0.913889,1,148,59.5833,2.55059,1.125
0.934722,1,148,59.5833,2.57454,1.125
0.934722,1,145,59.1667,2.51466,1.125
0.955556,1,145,59.1667,2.51466,1.125
0.955556,1,145,59.1667,2.51466,1.125
0.955556,1,145,59.1667,2.51466,1.125
0.955556,1,145,59.1667,2.55059,1.125
0.955556,1,144,59.1667,2.55059,1.125
0.976389,1,143,59.1667,2.50269,1.125
0.976389,1,142,59.1667,2.52664,1.125
0.997222,1,140,59.1667,2.51466,1.125
0.997222,1,140,59.1667,2.51466,1.125
0.997222,1,139,59.1667,2.50269,1.125
1.01875,1,136,59.1667,2.44282,1.125
1.01875,1,149,59.1667,2.55059,1.125
1.04028,1,147,59.5833,2.57454,1.125
1.04028,1,145,59.5833,2.55059,1.125
1.04028,1,145,59.5833,2.55059,1.125
1.06042,1,145,59.5833,2.55059,1.125
1.06042,1,145,59.5833,2.55059,1.125
1.06042,1,145,59.5833,2.50269,1.125
1.06042,1,143,59.5833,2.50269,1.125
1.08125,1,143,60,2.50269,1
1.08125,1,142,60,2.47874,1
1.08125,1,141,60,2.47874,1
1.08125,1,141,60,2.47874,1
1.08125,1,141,60,2.47874,1
1.10208,1,141,60,2.47874,1
1.10208,1,140,60,2.51466,1
1.10208,1,138,60,2.49071,1
1.12292,1,138,59.5833,2.49071,1.125
1.12292,1,136,59.5833,2.44282,1.125
1.12292,1,136,59.5833,2.44282,1.125
1.12292,1,148,59.5833,2.58651,1.125
1.12292,1,148,59.5833,2.58651,1.125
1.14514,1,148,59.5833,2.58651,1.125
1.14514,1,148,59.5833,2.58651,1.125
1.14514,1,146,59.5833,2.52664,1.125
1.14514,1,146,59.5833,2.51466,1.125
1.14514,1,144,59.5833,2.51466,1.125
1.14514,1,144,59.5833,2.51466,1.125
1.16667,1,144,59.5833,2.51466,1.125
1.16667,1,144,59.5833,2.51466,1.125
1.16667,1,142,59.5833,2.49071,1.125
1.16667,1,142,59.5833,2.49071,1.125
1.16667,1,141,59.5833,2.47874,1.125
1.1875,1,141,60,2.47874,1
1.1875,1,141,60,2.47874,1
1.1875,1,139,60,2.46676,1
1.1875,1,139,60,2.46676,1
1.1875,1,139,60,2.46676,1
1.1875,1,138,60,2.49071,1
1.20833,1,138,60.4167,2.49071,1
1.20833,1,137,60.4167,2.47874,1
1.20833,1,137,60.4167,2.47874,1
1.20833,1,137,60.4167,2.47874,1
1.20833,1,135,60.4167,2.46676,1
1.22986,1,135,60.8333,2.46676,1
1.22986,1,133,60.8333,2.44282,1
1.22986,1,133,60.8333,2.51466,1.125
1.25139,1,143,60.8333,2.50269,1.125
1.25139,1,143,60.4167,2.49071,1
1.27222,1,142,60.4167,2.48886,1
1.29306,1,139,60.4167,2.5129,1
1.29306,1,139,60.4167,2.5129,1
1.29306,1,139,60.4167,2.45279,1
1.31389,1,137,60.4167,2.48886,1
1.31389,1,137,60.4167,2.48886,1
1.33403,1,134,60,2.42874,1
1.33403,1,134,59.5833,2.46481,1.125
1.35486,1,146,59.5833,2.57302,1.125
1.35486,1,144,59.5833,2.52493,1.125
1.37639,1,143,59.1667,2.54897,1.125
1.37639,1,141,59.1667,2.48886,1.125
1.39653,1,141,59.1667,2.48886,1.125
1.39653,1,141,59.1667,2.48886,1.125
1.39653,1,141,59.1667,2.52493,1.125
1.41736,1,139,59.1667,2.46481,1
1.41736,1,138,59.1667,2.48886,1
1.4375,1,138,59.1667,2.47683,1
1.4375,1,138,59.1667,2.47683,1
1.4375,1,138,59.1667,2.47683,1
1.4375,1,136,59.1667,2.42874,1
1.4375,1,136,59.1667,2.44076,1.125
1.45833,1,135,59.1667,2.44076,1.125
1.45833,1,135,59.1667,2.44076,1.125
1.45833,1,135,59.1667,2.44076,1.125
1.45833,1,135,59.1667,2.44076,1.125
1.45833,1,146,59.1667,2.47683,1.125
1.47847,1,146,58.75,2.47683,1.125
1.47847,1,145,58.75,2.48886,1.125
1.47847,1,145,58.75,2.48886,1.125
1.47847,1,145,58.75,2.48886,1.125
1.47847,1,145,58.75,2.48886,1.125
1.47847,1,143,58.75,2.46481,1.125
1.47847,1,143,58.75,2.46481,1.125
1.5,1,143,58.75,2.46481,1.125
1.5,1,140,58.75,2.42874,1.125
1.5,1,140,58.75,2.42874,1.125
1.5,1,140,58.75,2.42874,1.125
1.5,1,138,58.75,2.38065,1.125
1.5,1,138,58.75,2.38065,1.125
1.5,1,138,58.3333,2.38065,1
1.52014,1,138,58.3333,2.37097,1
1.52014,1,136,58.3333,2.33504,1
1.52014,1,136,58.3333,2.28715,1
1.53958,1,134,58.3333,2.28715,0.875
1.53958,1,131,58.3333,2.20332,0.875
1.53958,1,129,57.9167,2.20332,0.875
1.55833,1,127,57.9167,2.15543,0.875
1.55833,1,136,57.9167,2.19135,0.875
1.57708,1,133,57.5,2.1195,0.875
1.57708,1,133,57.5,2.1195,0.875
1.57708,1,129,57.5,2.05963,0.875
1.57708,1,129,57.5,2.05963,0.875
1.59514,1,129,56.25,2.05963,0.875
1.59514,1,127,56.25,2.01173,0.875
1.59514,1,127,56.25,2.01173,0.875
1.59514,1,127,56.25,2.01173,0.875
1.59514,1,123,56.25,1.93988,0.875
1.6125,1,123,55,1.93988,0.875
1.6125,1,123,55,1.93988,0.875
1.6125,1,123,55,1.93988,0.875
1.6125,1,120,55,1.88001,0.875
1.6125,1,120,55,1.88768,0.875
1.6125,1,120,55,1.88768,0.875
1.6125,1,117,53.3333,1.81554,0.75
1.62847,1,117,53.3333,1.81554,0.75
1.62847,1,115,53.3333,1.77947,0.75
1.62847,1,115,53.3333,1.77947,0.75
1.62847,1,115,53.3333,1.77947,0.75
1.62847,1,115,53.3333,1.77947,0.75
1.62847,1,115,53.3333,1.77947,0.75
1.64306,1,112,51.25,1.71935,0.5
1.64306,1,112,49.1667,1.64721,0.5
1.65625,1,115,49.1667,1.64721,0.5
1.65625,1,113,49.1667,1.59912,0.5
1.65625,1,111,46.25,1.55103,0.5
1.66806,1,109,46.25,1.49091,0.5
1.67847,1,107,42.9167,1.44282,0.5
1.67847,1,107,42.9167,1.44282,0.5
1.67847,1,107,42.9167,1.41877,0.5
1.68819,1,103,39.1667,1.29853,0.5
1.69722,1,100,35.4167,1.28651,0.5
1.69722,1,100,35.4167,1.28651,0.5
1.69722,1,100,35.4167,1.21437,0.5
1.70417,1,99,32.0833,1.21437,0.5
1.70417,1,102,32.0833,1.20235,0.5
1.70417,1,102,32.0833,1.20235,0.5
1.70417,1,100,32.0833,1.13021,0.5
1.70972,1,100,28.3333,1.11818,0.5
1.70972,1,99,28.3333,1.11818,0.5
1.70972,1,97,25,1.04604,0.5
1.71458,1,97,25,1.04604,0.5
1.71458,1,97,25,1.04604,0.5
1.71458,1,96,25,1.02199,0.5
1.71458,1,96,25,1.02199,0.5
1.71458,1,96,21.6667,1.00997,0.5
1.71806,1,95,21.6667,0.961877,0.5
1.71806,1,95,21.6667,0.961877,0.5
1.72153,1,94,18.3333,0.949853,0.5
1.72153,1,93,18.3333,0.925806,0.5
1.72153,1,93,18.3333,0.913783,0.375
1.72292,1,94,15,0.913783,0.375
1.72292,1,94,15,0.913783,0.375
1.72292,1,94,15,0.90176,0.375
1.72292,1,95,15,0.90176,0.375
1.72292,1,95,11.6667,0.889736,0.375
1.72361,1,95,11.6667,0.877713,0.375
1.72361,1,95,11.6667,0.877713,0.375
1.72361,1,95,8.75,0.865689,0.375
1.72361,1,95,8.75,0.865689,0.375
1.72361,1,96,8.75,0.865689,0.375
1.72361,1,96,8.75,0.865689,0.375
1.72361,1,96,8.75,0.865689,0.375
1.72361,1,96,6.25,0.865689,0.375
1.72361,1,96,6.25,0.865689,0.375
1.72361,1,96,6.25,0.865689,0.375
1.72361,1,96,6.25,0.865689,0.375
1.72361,1,96,3.75,0.865689,0.375
1.72361,1,96,3.75,0.865689,0.375
1.72361,1,96,3.75,0.865689,0.375
1.72361,1,96,2.08333,0.865689,0.375
1.72361,1,96,2.08333,0.865689,0.375
0,0,96,0,0,0.125
0,0,96,0,0,0.125
0,0,96,0,0,0.125
0,0,96,0,0,0.125
0,0,96,0,0,0.125
0,0,96,0,0,0.125
0,0,96,0,0,0.125
0,0,96,0,0,0.125
0,0,96,0,0,0.125
0,0,96,0,0,0.125
0,0,96,0,0,0.125
0,0,96,0,0,0.125
0,0,96,0,0,0.125
0,0,96,0,0,0.125
0,0,96,0,0,0.125
0,0,96,0,0,0.125
0,0,96,0,0,0.25
0,0,96,0,0,0.25
0,0,96,0,0,0.25
0,0,96,0,0,0.25
0,0,96,0,0,0.125
0,0,96,0,0,0.125
0,1,96,0,0,0.125
0,1,0,0,0,0.125
0,1,0,0,0,0.125
0,1,0,0,0,0.125
0,1,0,0,0,0.125
0,1,0,0,0,0.125
0,1,0,0,0.0121212,0.125
0,1,0,0,0.0242424,0.125
0,1,0,0,0.0242424,0.125
0,1,0,0,0.0242424,0.125
0,1,2,0,0.0727273,0.125
0,1,3,0,0.0969697,0.125
0,1,4,0,0.133333,0.125
0,1,5,0,0.145455,0.125
0,1,5,0,0.145455,0.125
0,1,5,0,0.145455,0.125
0,1,6,0,0.181818,0.125
0,1,6,0,0.181818,0.125
0,1,6,0,0.181818,0.125
0,1,8,0,0.218182,0.125
0,1,10,0,0.266667,0.125
0,1,10,0,0.266667,0.125
0,1,12,0,0.315152,0.25
0,1,12,0,0.339394,0.25
0,1,14,0,0.339394,0.25
0,1,17,0,0.4,0.25
0,1,17,0,0.533333,0.25
0,1,24,0,0.533333,0.25
0,1,27,0,0.593939,0.25
0,1,27,0,0.593939,0.25
0,1,31,0,0.654545,0.25
0,1,31,0,0.739394,0.375
0,1,36,0,0.8,0.375
0,1,41,0,0.8,0.375
0,1,46,0,0.884848,0.375
0,1,46,0,0.969697,0.375
0,1,51,0,0.969697,0.375
0,1,57,0,1.05455,0.375
0,1,57,0,1.05455,0.375
0,1,64,0,1.16364,0.375
0,1,64,0,1.16364,0.375
0,1,64,0,1.16364,0.375
0,1,64,0,1.16364,0.5
0,1,64,0,1.16364,0.5
0,1,70,0,1.23138,0.5
0,1,85,0,1.43661,0.75
0,1,92,0,1.64184,0.75
0,1,100,0,1.73842,0.75
0,1,109,0,1.73842,0.75
0,1,109,0,1.73842,0.75
0,1,117,0,1.84707,0.75
0.000694444,1,125,0,1.95572,0.875
0.00208333,1,141,0,2.14888,1.125
0.00208333,1,149,0,2.2696,1.25
0.00555556,1,157,0.833333,2.37825,1.25
0.0111111,1,174,2.5,2.561,1.625
0.0111111,1,180,2.5,2.64516,1.625
0.01875,1,186,5,2.72933,1.75
0.01875,1,192,5,2.82551,1.75
0.01875,1,192,5,2.88563,1.875
0.0291667,1,197,9.16667,2.88563,1.875
0.0291667,1,200,9.16667,2.9217,1.875
0.0291667,1,200,9.16667,2.9217,1.875
0.0291667,1,200,9.16667,2.9217,1.875
0.0409722,1,203,13.75,2.95777,2
0.0409722,1,203,13.75,2.95777,2
0.0409722,1,203,13.75,2.99384,2
0.0409722,1,205,13.75,2.99384,2
0.05625,1,207,19.5833,3.02991,2.125
0.05625,1,207,19.5833,3.02991,2.125
0.05625,1,207,19.5833,3.02991,2.125
0.05625,1,207,19.5833,3.02991,2.125
0.05625,1,208,19.5833,3.06598,2.125
0.0729167,1,221,26.25,3.19824,2.125
0.0729167,1,221,26.25,3.19824,2.125
0.0729167,1,221,26.25,3.18524,2.125
0.0729167,1,221,32.5,3.19721,2.125
0.0923611,1,220,32.5,3.17326,2.125
0.0923611,1,220,32.5,3.17326,2.125
0.0923611,1,220,32.5,3.19721,2.125
0.113194,1,219,39.1667,3.19721,2.125
0.113194,1,217,39.1667,3.18524,2.125
0.113194,1,217,39.1667,3.18524,2.125
0.113194,1,213,45.8333,3.11339,2.125
0.136111,1,213,45.8333,3.13734,2.125
0.136111,1,210,45.8333,3.13734,2.125
0.136111,1,207,51.6667,3.11339,2
0.159722,1,207,51.6667,3.11339,2
0.159722,1,203,51.6667,3.07747,2
0.159722,1,203,51.6667,2.99365,1.75
0.184028,1,198,57.0833,2.99365,1.75
0.184028,1,209,57.0833,3.08944,1.75
0.184028,1,209,57.0833,3.08944,1.75
0.209028,1,204,61.6667,3.05352,1.75
0.209028,1,204,61.6667,3.05352,1.75
0.209028,1,199,61.6667,3.04154,1.75
0.235417,1,194,65.4167,2.95772,1.75
0.235417,1,194,65.4167,2.95772,1.75
0.235417,1,188,65.4167,2.90982,1.75
0.261111,1,182,68.3333,2.84995,1.625
0.261111,1,182,68.3333,2.81403,1.625
0.261111,1,178,68.3333,2.81403,1.625
0.261111,1,178,68.3333,2.81403,1.625
0.261111,1,178,70.4167,2.81403,1.5
0.286806,1,173,70.4167,2.80205,1.5
0.286806,1,167,70.4167,2.71823,1.125
0.3125,1,163,71.6667,2.68231,1.125
0.3125,1,172,72.9167,2.76613,1.25
0.3375,1,169,72.9167,2.73021,1.25
0.3375,1,164,72.9167,2.69428,1.25
0.361806,1,160,72.9167,2.69428,1.25
0.361806,1,160,72.9167,2.62243,1.25
0.361806,1,156,72.9167,2.62243,1.125
0.386111,1,153,72.5,2.62243,1.125
0.409028,1,149,71.6667,2.55059,1.125
0.409028,1,147,71.6667,2.57454,1.125
0.409028,1,147,71.6667,2.57454,1.125
0.409028,1,147,71.6667,2.55059,1
0.431944,1,141,70,2.47874,1
0.454167,1,153,68.75,2.58651,1.125
0.454167,1,150,68.75,2.56256,1.125
0.477083,1,148,67.0833,2.55059,1.125
0.477083,1,145,67.0833,2.51466,1.125
0.477083,1,145,67.0833,2.51466,1.125
0.498611,1,143,65.8333,2.53861,1.125
0.498611,1,141,65.8333,2.47874,1.125
0.520139,1,139,64.5833,2.46676,1
0.520139,1,139,64.5833,2.46676,1
0.520139,1,138,64.5833,2.49071,1
0.520139,1,137,63.75,2.44282,1
0.540972,1,137,63.75,2.44282,1
0.540972,1,137,63.75,2.44282,1
0.540972,1,136,63.75,2.47874,1
0.561111,1,136,62.5,2.55059,1.125
0.561111,1,148,61.25,2.58651,1.125
0.581944,1,146,61.25,2.56256,1.125
0.581944,1,144,61.25,2.55059,1.125
0.603472,1,143,60.4167,2.53861,1.125
0.603472,1,141,60.4167,2.48886,1.125
0.624306,1,141,59.5833,2.48886,1.125
0.624306,1,140,59.5833,2.52493,1.125
0.624306,1,140,59.5833,2.5129,1.125
0.645139,1,138,59.1667,2.50088,1
0.645139,1,137,59.1667,2.48886,1
0.664583,1,137,59.1667,2.48886,1
0.664583,1,151,59.1667,2.60909,1.125
0.684722,1,149,58.75,2.561,1.125
0.684722,1,149,58.75,2.561,1.125
0.705556,1,147,58.75,2.58504,1.25
0.705556,1,147,58.75,2.58504,1.25
0.705556,1,145,58.75,2.561,1.25
0.705556,1,145,58.75,2.561,1.25
0.727083,1,144,58.3333,2.53695,1.125
0.747917,1,140,58.3333,2.48886,1.125
0.747917,1,140,58.75,2.46481,1.125
0.76875,1,152,58.75,2.63314,1.125
0.76875,1,152,58.75,2.63314,1.125
0.789583,1,150,59.1667,2.59707,1.125
0.810417,1,147,59.5833,2.58504,1.125
0.810417,1,144,59.5833,2.52493,1.125
0.832639,1,141,59.5833,2.48886,1.125
0.832639,1,141,59.5833,2.48886,1.125
0.854167,1,140,60,2.47874,1.125
0.854167,1,138,60,2.45479,1.125
0.854167,1,138,60,2.45479,1.125
0.854167,1,138,60,2.45479,1.125
0.854167,1,138,60,2.44282,1.125
0.875694,1,136,60.4167,2.44282,1.125
0.875694,1,147,60.4167,2.53861,1
0.896528,1,146,60.8333,2.56256,1
0.918056,1,144,60.8333,2.55059,1
0.918056,1,141,60.8333,2.47874,1
0.918056,1,139,60.8333,2.46676,1.125
0.940278,1,139,61.25,2.46676,1.125
0.940278,1,139,61.25,2.46676,1.125
0.940278,1,136,61.25,2.44282,1.125
0.940278,1,136,61.25,2.40689,1.125
0.963194,1,130,61.25,2.38294,1.125
0.985417,1,128,61.6667,2.37097,1
0.985417,1,126,61.6667,2.34702,1
1.00694,1,139,62.5,2.46676,1
1.00694,1,139,62.5,2.46676,1
1.00694,1,138,62.5,2.49071,1
1.02778,1,136,62.5,2.47874,1
1.02778,1,135,62.5,2.46676,1
1.04931,1,135,62.5,2.46676,1
1.04931,1,132,62.5,2.40689,1
1.04931,1,130,62.5,2.38294,1
1.07083,1,129,62.0833,2.40689,1
1.09167,1,127,61.25,2.39492,1
1.09167,1,125,61.25,2.38065,1
1.09167,1,124,61.25,2.34457,1
1.1125,1,124,60.8333,2.48886,1
1.1125,1,137,60.8333,2.48886,1
1.13264,1,135,60.4167,2.47683,1
1.13264,1,135,60.4167,2.47683,1
1.13264,1,135,60.4167,2.47683,1
1.13264,1,135,60.4167,2.47683,1
1.13264,1,134,60.4167,2.42874,1
1.13264,1,134,60.4167,2.42874,1
1.15278,1,134,60,2.42874,1
1.15278,1,134,60,2.42874,1
1.17361,1,133,59.5833,2.45279,1.125
1.17361,1,131,59.5833,2.44076,1.125
1.19444,1,130,58.75,2.39267,1.125
1.19444,1,128,58.75,2.38065,1
1.21528,1,127,58.3333,2.39492,1
1.21528,1,141,58.3333,2.51466,1
1.23542,1,139,58.3333,2.46676,1
1.23542,1,139,58.3333,2.46676,1
1.25556,1,138,58.3333,2.49071,1
1.25556,1,136,58.3333,2.44282,1
1.27569,1,136,58.3333,2.47874,1.125
1.27569,1,136,58.3333,2.41887,1.125
1.29653,1,134,58.3333,2.41887,1.125
1.29653,1,134,58.3333,2.41887,1.125
1.29653,1,133,58.3333,2.44282,1.125
1.29653,1,133,58.3333,2.44282,1.125
1.29653,1,133,58.3333,2.44282,1.125
1.29653,1,133,58.3333,2.44282,1.125
1.29653,1,133,58.3333,2.41887,1.125
1.31806,1,143,58.3333,2.53861,1.125
1.3375,1,142,58.3333,2.49071,1.125
1.3375,1,142,58.3333,2.49071,1.125
1.35764,1,140,58.3333,2.47874,1
1.35764,1,140,58.3333,2.47874,1
1.37778,1,140,58.3333,2.47874,1
1.37778,1,140,58.3333,2.47874,1
1.37778,1,139,58.3333,2.46676,1
1.39792,1,138,58.3333,2.49071,1.125
1.39792,1,137,58.3333,2.46676,1.125
1.41875,1,136,57.9167,2.46676,1.125
1.41875,1,134,57.9167,2.44282,1.125
1.41875,1,147,57.9167,2.55059,1.125
1.43958,1,147,57.9167,2.55059,1.125
1.43958,1,145,57.9167,2.47874,1.125
1.46042,1,144,57.9167,2.50269,1.125
1.46042,1,144,57.9167,2.46676,1.125
1.46042,1,142,57.9167,2.46676,1.125
1.48056,1,141,58.3333,2.44282,1
1.48056,1,141,58.3333,2.44282,1
1.48056,1,140,58.3333,2.43084,1
1.50069,1,138,58.3333,2.39492,1
1.50069,1,138,58.3333,2.35899,1
1.50069,1,136,58.3333,2.35899,1
1.52014,1,134,58.3333,2.31109,1
1.52014,1,131,58.3333,2.22727,1
1.52014,1,131,57.9167,2.22727,1
1.54028,1,141,57.9167,2.31109,1
1.54028,1,141,57.9167,2.31109,1
1.54028,1,138,57.9167,2.25122,1
1.55972,1,136,57.5,2.22434,1
1.55972,1,136,57.5,2.22434,1
1.55972,1,133,56.6667,2.12815,0.875
1.57778,1,131,56.6667,2.11613,0.875
1.57778,1,131,56.6667,2.11613,0.875
1.59444,1,128,55.8333,2.03196,0.875
1.59444,1,127,55.8333,2.01994,0.875
1.59444,1,127,55.8333,2.01994,0.875
1.61042,1,124,54.1667,1.95982,0.875
1.61042,1,122,54.1667,1.89971,0.875
1.61042,1,122,54.1667,1.89971,0.875
1.62569,1,120,52.0833,1.85161,0.75
1.62569,1,126,52.0833,1.83959,0.75
1.62569,1,126,52.0833,1.77947,0.75
1.64028,1,123,49.5833,1.77947,0.75
1.64028,1,120,49.5833,1.73138,0.75
1.65417,1,117,47.0833,1.65924,0.75
1.65417,1,115,47.0833,1.62317,0.75
1.66597,1,113,44.1667,1.56305,0.75
1.66597,1,113,44.1667,1.56305,0.75
1.66597,1,111,44.1667,1.51496,0.75
1.66597,1,111,41.6667,1.51496,0.5
1.67639,1,110,41.6667,1.49091,0.5
1.67639,1,109,38.75,1.44282,0.5
1.68542,1,107,38.75,1.3827,0.5
1.68542,1,110,38.75,1.34663,0.5
1.69306,1,110,35.4167,1.34663,0.5
1.69306,1,110,35.4167,1.3346,0.5
1.69306,1,110,35.4167,1.3346,0.5
1.69306,1,108,35.4167,1.28651,0.5
1.7,1,107,31.6667,1.22639,0.5
1.7,1,106,31.6667,1.18309,0.5
1.70486,1,106,27.5,1.18309,0.5
1.70486,1,106,27.5,1.18309,0.5
1.70486,1,105,23.75,1.12273,0.5
1.70903,1,105,23.75,1.12273,0.5
1.70903,1,105,23.75,1.12273,0.5
1.70903,1,105,23.75,1.12273,0.5
1.70903,1,104,20,1.06237,0.5
1.71181,1,105,20,1.07444,0.5
1.71181,1,105,20,1.07444,0.5
1.71181,1,105,20,1.01408,0.5
1.71389,1,105,16.25,1.01408,0.5
1.71389,1,105,16.25,1.01408,0.5
1.71389,1,105,16.25,1.01408,0.5
1.71389,1,105,16.25,1.03822,0.5
1.71389,1,107,16.25,1.03822,0.5
1.71389,1,107,16.25,1.03822,0.5
1.71458,1,106,12.5,1.01408,0.5
1.71458,1,106,12.5,1.01408,0.5
1.71458,1,106,12.5,1.01408,0.5
1.71458,1,106,12.5,1.01408,0.5
1.71458,1,107,12.5,1.01408,0.5
1.71458,1,107,12.5,1.01408,0.5
1.71458,1,107,9.58333,1.01408,0.5
1.71458,1,107,9.58333,1.01408,0.5
1.71458,1,108,9.58333,1.01408,0.5
1.71458,1,108,9.58333,1.01408,0.5
1.71458,1,108,9.58333,1.002,0.5
1.71458,1,108,9.58333,1.002,0.5
1.71458,1,108,9.58333,1.002,0.5
1.71458,1,108,6.66667,1.002,0.5
1.71458,1,108,6.66667,0.989932,0.5
1.71458,1,108,6.66667,0.989932,0.5
1.71458,1,109,6.66667,0.977859,0.5
1.71458,1,109,6.66667,0.977859,0.5
1.71458,1,109,6.66667,0.977859,0.5
1.71458,1,109,4.16667,0.977859,0.5
1.71458,1,109,4.16667,0.977859,0.5
1.71458,1,109,4.16667,0.977859,0.5
1.71458,1,109,4.16667,0.977859,0.5
1.71458,1,109,4.16667,0.977859,0.5
1.71458,1,109,4.16667,0.977859,0.5
1.71458,1,109,2.08333,0.977859,0.5
1.71458,1,109,2.08333,0.977859,0.5
1.71458,1,109,2.08333,0.977859,0.5
1.71458,1,109,2.08333,0.977859,0.5
Position, Setpoint, Error, Speed, Voltage, Current
Postion, Setpoint, Error, Speed, Voltage, Current
